<?xml version="1.0" encoding="UTF-8"?>
<chapter version="5.0" xml:id="wordcount" xmlns="http://docbook.org/ns/docbook"
         xmlns:xlink="http://www.w3.org/1999/xlink"
         xmlns:xi="http://www.w3.org/2001/XInclude"
         xmlns:ns5="http://www.w3.org/1998/Math/MathML"
         xmlns:ns4="http://www.w3.org/1999/xhtml"
         xmlns:ns3="http://www.w3.org/2000/svg"
         xmlns:ns="http://docbook.org/ns/docbook">
  <title>Wordcount sample using the Spring Framework</title>

  <para>Please read the <link linkend="sample-prereq">sample
  prerequistes</link> before following these instructions.</para>

  <section id="spring:wordcount-intro">
    <title>Introduction</title>

    This sample demonstrates how to execute a MapReduce application and a script that interacts with HDFS inside a Spring based application. It does not use spring Batch or Spring Integration.

    <para>The example code is located in the sample 
    <ulink url="http://github.com/SpringSource/spring-hadoop-samples">repository</ulink> under the <literal>wordcount</literal>.</para>
  </section>
</chapter>
