<?xml version="1.0" encoding="UTF-8"?>
<book xmlns="http://docbook.org/ns/docbook" version="5.0"
    xml:id="spring-hadoop-reference"
    xmlns:xi="http://www.w3.org/2001/XInclude"
    xmlns:xlink="http://www.w3.org/1999/xlink">
  <bookinfo>
    <title>Spring for Apache Hadoop Reference Manual</title>
    <releaseinfo>${version}</releaseinfo>
    <productname>Spring Hadoop</productname>

    
    <authorgroup>
      <author>
        <firstname>Costin</firstname>
        <surname>Leau</surname>
        <affiliation>Elasticsearch</affiliation>
      </author>
      <author>
        <firstname>Thomas</firstname>
        <surname>Risberg</surname>
        <affiliation>Pivotal</affiliation>
      </author>
    </authorgroup>


    <legalnotice>
      <para>Copies of this document may be made for your own use and for
      distribution to others, provided that you do not charge any fee for such
      copies and further provided that each copy contains this Copyright
      Notice, whether distributed in print or electronically.</para>
    </legalnotice>
  </bookinfo>

  <toc />
  <xi:include href="preface.xml"/>

  <part id="introduction">
      <title>Introduction</title>
      <xi:include href="introduction/introduction.xml"/>
      <xi:include href="introduction/requirements.xml"/>      
	  <xi:include href="introduction/resources.xml"/>      
  </part>
  
  <part id="core">
      <title>Spring and Hadoop</title>
      <xi:include href="reference/introduction.xml"/>
      <xi:include href="reference/hadoop.xml"/>
      <xi:include href="reference/fs.xml"/>
      <xi:include href="reference/hbase.xml"/>
      <xi:include href="reference/hive.xml"/>
      <xi:include href="reference/pig.xml"/>
      <xi:include href="reference/cascading.xml"/>
      <xi:include href="reference/runners.xml"/>
      <xi:include href="reference/security.xml"/>
  </part>
  <part id="dev">
      <title>Developing Spring for Apache Hadoop Applications</title>
      <xi:include href="reference/dev-guide/introduction.xml"/>
      <xi:include href="reference/dev-guide/dev-spring-hadoop.xml"/>
  </part>
  <part id="samples">
      <title>Spring for Apache Hadoop sample applications</title>
      <xi:include href="samples/introduction.xml"/>
  </part>

  <part id="resources">
      <title>Other Resources</title>
      <partintro>
          <para>
              In addition to this reference documentation, there are a number of
              other resources that may help you learn how to use Hadoop and Spring framework. 
              These additional, third-party resources are enumerated in this section.
          </para>
      </partintro>
      <xi:include href="links.xml"/>
  </part>
  <part id="appendices">
      <title>Appendices</title>
      <xi:include href="appendix/appendix-amazon-emr.xml"/>
      <xi:include href="appendix/appendix-apache-whirr.xml"/>
      <xi:include href="appendix/appendix-schema.xml"/>
  </part>
</book>