<partintro>
   <title>Document structure</title>

   <para>This part of the reference documentation explains the core functionality
   that Spring for Apache Hadoop (SHDP) provides to any Spring based application.</para>

   <para><xref linkend="hadoop"/> describes the Spring support for
   bootstrapping, initializing and working with core Hadoop.</para>

   <para><xref linkend="fs"/> describes the Spring support for interacting
   with the Hadoop file system.
   </para>

   <para><xref linkend="hbase"/> describes the Spring support for HBase.
   </para>

   <para><xref linkend="hive"/> describes the Hive integration in SHDP.
   </para>
   
   <para><xref linkend="pig"/> describes the Pig support in Spring for Apache Hadoop.
   </para>
   
   <para><xref linkend="cascading"/> describes the Cascading integration in Spring for Apache Hadoop.
   </para>

   <para><xref linkend="security"/> describes how to configure and interact with Hadoop
   in a secure environment.
   </para>

</partintro>