<?xml version="1.0" encoding="UTF-8"?>
<chapter version="5.0" xml:id="additional-resources"
         xmlns="http://docbook.org/ns/docbook"
         xmlns:ns6="http://www.w3.org/1999/xlink"
         xmlns:ns5="http://www.w3.org/2000/svg"
         xmlns:ns4="http://www.w3.org/1999/xhtml"
         xmlns:ns3="http://www.w3.org/1998/Math/MathML"
         xmlns:ns="http://docbook.org/ns/docbook">
  <title>Additional Resources</title>

  <para>While this documentation acts as a reference for Spring for Hadoop
  project, there are number of resources that, while optional, complement this
  document by providing additional background and code samples for the reader
  to try and experiment with: <itemizedlist>
      <listitem>
        <formalpara>
          <title>Spring for Apache Hadoop samples <ulink
          url="https://github.com/SpringSource/spring-hadoop-samples/">https://github.com/SpringSource/spring-hadoop-samples/</ulink></title>

          <para>Official repository full of SHDP samples demonstrating the
          various project features.</para>
        </formalpara>
      </listitem>

      <listitem>
        <formalpara>
          <title>Spring Data Book <ulink
          url="http://shop.oreilly.com/product/0636920024767.do">http://shop.oreilly.com/product/0636920024767.do</ulink></title>

          <para>Guide to Spring Data projects, written by the committers
          behind them. Covers Spring Data Hadoop stand-alone but in tandem
          with its <emphasis>siblings</emphasis> projects. All author
          royalties from book sales are donated to <ulink
          url="http://creativecommons.org/about">Creative Commons</ulink>
          organization.</para>
        </formalpara>
      </listitem>

      <listitem>
        <formalpara>
          <title>Spring Data Book Hadoop examples <ulink
          url="https://github.com/SpringSource/spring-data-book/tree/master/hadoop">https://github.com/SpringSource/spring-data-book/tree/master/hadoop</ulink></title>

          <para>Complete running samples for the Spring Data book. Note that
          some of them are available inside Spring for Apache Hadoop samples
          as well.</para>
        </formalpara>
      </listitem>
    </itemizedlist></para>
</chapter>
